Index,Customer Id,First Name,Last Name,Company
1,DD37Cf93aecA6Dc,Sheryl,Baxter,Rasmussen Group
2,1Ef7b82A4CAAD10,Preston,Lozano,Vega-Gentry
3,6F94879bDAfE5a6,Roy,Berry,Murillo-Perry
4,5Cef8BFA16c5e3c,Linda,Olsen,"Dominguez, Mcmillan and Donovan"
5,053d585Ab6b3159,Joanna,Bender,"Martin, Lang and Andrade"
6,2d08FB17EE273F4,Aimee,Downs,Steele Group
7,EA4d384DfDbBf77,Darren,Peck,"Lester, Woodard and Mitchell"
8,0e04AFde9f225dE,Brett,Mullen,"Sanford, Davenport and Giles"
9,C2dE4dEEc489ae0,Sheryl,Meyers,Browning-Simon
10,8C2811a503C7c5a,Michelle,Gallagher,Beck-Hendrix
11,216E205d6eBb815,Carl,Schroeder,"Oconnell, Meza and Everett"
12,CEDec94deE6d69B,Jenna,Dodson,"Hoffman, Reed and Mcclain"
13,e35426EbDEceaFF,Tracey,Mata,Graham-Francis
14,A08A8aF8BE9FaD4,Kristine,Cox,Carpenter-Cook
15,6fEaA1b7cab7B6C,Faith,Lutz,Carter-Hancock
16,8cad0b4CBceaeec,Miranda,Beasley,Singleton and Sons
17,a5DC21AE3a21eaA,Caroline,Foley,Winters-Mendoza
18,F8Aa9d6DfcBeeF8,Greg,Mata,Valentine LLC
19,F160f5Db3EfE973,Clifford,Jacobson,Simon LLC
20,0F60FF3DdCd7aB0,Joanna,Kirk,Mays-Mccormick
21,9F9AdB7B8A6f7F2,Maxwell,Frye,Patterson Inc
22,FBd0Ded4F02a742,Kiara,Houston,"Manning, Hester and Arroyo"
23,2FB0FAA1d429421,Colleen,Howard,Greer and Sons
24,010468dAA11382c,Janet,Valenzuela,Watts-Donaldson
25,eC1927Ca84E033e,Shane,Wilcox,Tucker LLC
26,09D7D7C8Fe09aea,Marcus,Moody,Giles Ltd
27,aBdfcF2c50b0bfD,Dakota,Poole,Simmons Group
28,b92EBfdF8a3f0E6,Frederick,Harper,"Hinton, Chaney and Stokes"
29,3B5dAAFA41AFa22,Stefanie,Fitzpatrick,Santana-Duran
30,EDA69ca7a6e96a2,Kent,Bradshaw,Sawyer PLC
31,64DCcDFaB9DFd4e,Jack,Tate,"Acosta, Petersen and Morrow"
32,679c6c83DD872d6,Tom,Trujillo,Mcgee Group
33,7Ce381e4Afa4ba9,Gabriel,Mejia,Adkins-Salinas
34,A09AEc6E3bF70eE,Kaitlyn,Santana,Herrera Group
35,aA9BAFfBc3710fe,Faith,Moon,"Waters, Chase and Aguilar"
36,E11dfb2DB8C9f72,Tammie,Haley,"Palmer, Barnes and Houston"
37,889eCf90f68c5Da,Nicholas,Sosa,Jordan Ltd
38,7a1Ee69F4fF4B4D,Jordan,Gay,Glover and Sons
39,dca4f1D0A0fc5c9,Bruce,Esparza,Huerta-Mclean
40,17aD8e2dB3df03D,Sherry,Garza,Anderson Ltd
41,2f79Cd309624Abb,Natalie,Gentry,Monroe PLC
42,6e5ad5a5e2bB5Ca,Bryan,Dunn,Kaufman and Sons
43,7E441b6B228DBcA,Wayne,Simpson,Perkins-Trevino
44,D3fC11A9C235Dc6,Luis,Greer,Cross PLC
45,30Dfa48fe5Ede78,Rhonda,Frost,"Herrera, Shepherd and Underwood"
46,fD780ED8dbEae7B,Joanne,Montes,"Price, Sexton and Mcdaniel"
47,300A40d3ce24bBA,Geoffrey,Guzman,Short-Wiggins
48,283DFCD0Dba40aF,Gloria,Mccall,"Brennan, Acosta and Ramos"
49,F4Fc91fEAEad286,Brady,Cohen,Osborne-Erickson
50,80F33Fd2AcebF05,Latoya,Mccann,"Hobbs, Garrett and Sanford"
51,Aa20BDe68eAb0e9,Gerald,Hawkins,"Phelps, Forbes and Koch"
52,e898eEB1B9FE22b,Samuel,Crawford,"May, Goodwin and Martin"
53,faCEF517ae7D8eB,Patricia,Goodwin,"Christian, Winters and Ellis"
54,c09952De6Cda8aA,Stacie,Richard,Byrd Inc
55,f3BEf3Be028166f,Robin,West,"Nixon, Blackwell and Sosa"
56,C6F2Fc6a7948a4e,Ralph,Haas,Montes PLC
57,c8FE57cBBdCDcb2,Phyllis,Maldonado,Costa PLC
58,B5acdFC982124F2,Danny,Parrish,Novak LLC
59,8c7DdF10798bCC3,Kathy,Hill,"Moore, Mccoy and Glass"
60,C681dDd0cc422f7,Kelli,Hardy,Petty Ltd
61,a940cE42e035F28,Lynn,Pham,"Brennan, Camacho and Tapia"
62,9Cf5E6AFE0aeBfd,Shelley,Harris,"Prince, Malone and Pugh"
63,aEcbe5365BbC67D,Eddie,Jimenez,Caldwell Group
64,FCBdfCEAe20A8Dc,Chloe,Hutchinson,Simon LLC
65,636cBF0835E10ff,Eileen,Lynch,"Knight, Abbott and Hubbard"
66,fF1b6c9E8Fbf1ff,Fernando,Lambert,Church-Banks
67,2A13F74EAa7DA6c,Makayla,Cannon,Henderson Inc
68,a014Ec1b9FccC1E,Tom,Alvarado,Donaldson-Dougherty
69,421a109cABDf5fa,Virginia,Dudley,Warren Ltd
70,CC68FD1D3Bbbf22,Riley,Good,Wade PLC
71,CBCd2Ac8E3eBDF9,Alexandria,Buck,Keller-Coffey
72,Ef859092FbEcC07,Richard,Roth,Conway-Mcbride
73,F560f2d3cDFb618,Candice,Keller,Huynh and Sons
74,A3F76Be153Df4a3,Anita,Benson,Parrish Ltd
75,D01Af0AF7cBbFeA,Regina,Stein,Guzman-Brown
76,d40e89dCade7b2F,Debra,Riddle,"Chang, Aguirre and Leblanc"
77,BF6a1f9bd1bf8DE,Brittany,Zuniga,Mason-Hester
78,FfaeFFbbbf280db,Cassidy,Mcmahon,"Mcguire, Huynh and Hopkins"
79,CbAE1d1e9a8dCb1,Laurie,Pennington,"Sanchez, Marsh and Hale"
80,A7F85c1DE4dB87f,Alejandro,Blair,"Combs, Waller and Durham"
81,D6CEAfb3BDbaa1A,Leslie,Jennings,Blankenship-Arias
82,Ebdb6F6F7c90b69,Kathleen,Mckay,"Coffey, Lamb and Johnson"
83,E8E7e8Cfe516ef0,Hunter,Moreno,Fitzpatrick-Lawrence
84,78C06E9b6B3DF20,Chad,Davidson,Garcia-Jimenez
85,03A1E62ADdeb31c,Corey,Holt,"Mcdonald, Bird and Ramirez"
86,C6763c99d0bd16D,Emma,Cunningham,Stephens Inc
87,ebe77E5Bf9476CE,Duane,Woods,Montoya-Miller
88,E4Bbcd8AD81fC5f,Alison,Vargas,"Vaughn, Watts and Leach"
89,efeb73245CDf1fF,Vernon,Kane,Carter-Strickland
90,37Ec4B395641c1E,Lori,Flowers,Decker-Mcknight
91,5ef6d3eefdD43bE,Nina,Chavez,Byrd-Campbell
92,98b3aeDcC3B9FF3,Shane,Foley,Rocha-Hart
93,aAb6AFc7AfD0fF3,Collin,Ayers,Lamb-Peterson
94,54B5B5Fe9F1B6C5,Sherry,Young,"Lee, Lucero and Johnson"
95,BE91A0bdcA49Bbc,Darrell,Douglas,"Newton, Petersen and Mathis"
96,cb8E23e48d22Eae,Karl,Greer,Carey LLC
97,CeD220bdAaCfaDf,Lynn,Atkinson,"Ware, Burns and Oneal"
98,28CDbC0dFe4b1Db,Fred,Guerra,Schmitt-Jones
99,c23d1D9EE8DEB0A,Yvonne,Farmer,Fitzgerald-Harrell
100,2354a0E336A91A1,Clarence,Haynes,"Le, Nash and Cross"
